[
    {
        "level": "Beginner",
        "game": {
            "time": 2
        },
        "paddle": {
            "width": 20,
            "hight": 2,
            "color": 10,
            "speed": 4,
            "y": 115
        },
        "ball": {
            "radius": 3,
            "color": 6,
            "speed": 3
        },
        "block": {
            "rows": 3,
            "columns": 8,
            "hight": 5,
            "color": 8
        }
    },
    {
        "level": "Standard",
        "game": {
            "time": 2,
            "remarks": "ブロックの数を増やした 3*8 -> 5*10"
        },
        "paddle": {
            "width": 20,
            "hight": 2,
            "color": 10,
            "speed": 4,
            "y": 115
        },
        "ball": {
            "radius": 3,
            "color": 6,
            "speed": 3
        },
        "block": {
            "rows": 5,
            "columns": 10,
            "hight": 5,
            "color": 8
        }
    },
    {
        "level": "Intermediate",
        "game": {
            "time": 2,
            "remarks": "パドルの幅を小さくした 20 -> 16"
        },
        "paddle": {
            "width": 16,
            "hight": 2,
            "color": 10,
            "speed": 4,
            "y": 115
        },
        "ball": {
            "radius": 3,
            "color": 6,
            "speed": 3
        },
        "block": {
            "rows": 5,
            "columns": 10,
            "hight": 5,
            "color": 8
        }
    },
    {
        "level": "Advanced",
        "game": {
            "time": 2,
            "remarks": "ブロックの数を増やした 5*10(h:5) -> 6*12(h:4)"
        },
        "paddle": {
            "width": 16,
            "hight": 2,
            "color": 10,
            "speed": 3,
            "y": 115
        },
        "ball": {
            "radius": 3,
            "color": 6,
            "speed": 3
        },
        "block": {
            "rows": 6,
            "columns": 12,
            "hight": 4,
            "color": 8
        }
    }
]